grant_no,unit_sector,beneficiary,address,project,eur,year,country,project_clean,unit_sector_long
2023/37,ECRET,State Border Guard Service Lithuania,"SAVANORIŲ PR. 2, Vilnius LT-03116, Lithuania",2023/ECRET/01,79833,2023,Lithuania,European Centre for Returns,European Centre for Returns
2023/45,DMD,State Border Guard Service Lithuania,"SAVANORIŲ PR. 2, Vilnius LT-03116, Lithuania","Support in the development of human resources to secure Member States’ contributions to the standing corps, in relation to category 1 of the standing corps",31767.31,2023,Lithuania,Human Resources,Deployment Management Division
2023/114,DMD,State Border Guard Service Lithuania,"SAVANORIŲ PR. 2, Vilnius LT-03116, Lithuania",2023/DMD/01 Human resources and Light technical equipment,1403111,2023,Lithuania,Technical Equipment & Human Resources,Deployment Management Division
2023/174,DMD,State Border Guard Service Lithuania,"SAVANORIŲ PR. 2, Vilnius LT-03116, Lithuania","Support in the development of human resources to secure Member States’ contributions to the standing corps, in relation to category 3 of the standing corps ",711111.23,2023,Lithuania,Human Resources,Deployment Management Division
2023/209,DMD,State Border Guard Service Lithuania,"SAVANORIŲ PR. 2, Vilnius LT-03116, Lithuania","Support in the development of human resources to secure Member States’ contributions to the standing corps, in relation to category 2 of the standing corps",825950.06,2023,Lithuania,Human Resources,Deployment Management Division
2023/263,FOU,State Border Guard Service Lithuania,"SAVANORIŲ PR. 2, Vilnius LT-03116, Lithuania",2023/FOU/01/Heavy Technical Equipment,637245,2023,Lithuania,Technical Equipment,Field Operations Unit
2023/315,ECRET,State Border Guard Service Lithuania,"SAVANORIŲ PR. 2, Vilnius LT-03116, Lithuania",2023/ECRET/01,19458,2023,Lithuania,European Centre for Returns,European Centre for Returns
2023/372,FOU,State Border Guard Service Lithuania,"SAVANORIŲ PR. 2, Vilnius LT-03116, Lithuania",2023/FOU/01/Heavy Technical Equipment,663091,2023,Lithuania,Technical Equipment,Field Operations Unit
2023/470,ECRET,State Border Guard Service Lithuania,"SAVANORIŲ PR. 2, Vilnius LT-03116, Lithuania",2023/ECRET/01,5176,2023,Lithuania,European Centre for Returns,European Centre for Returns
2022/1,ECRET,State Border Guard Service Lithuania,"SAVANORIŲ PR. 2, Vilnius LT-03116, Lithuania",2022/ECRET/01,30588,2022,Lithuania,European Centre for Returns,European Centre for Returns
2022/72,DMD,State Border Guard Service Lithuania,"SAVANORIŲ PR. 2, Vilnius LT-03116, Lithuania",2022/DMD/01 Human resources and Light technical equipment,108654,2022,Lithuania,Technical Equipment & Human Resources,Deployment Management Division
2022/82,DMD,State Border Guard Service Lithuania,"SAVANORIŲ PR. 2, Vilnius LT-03116, Lithuania",2022/DMD/01 Human resources and Light technical equipment,588034,2022,Lithuania,Technical Equipment & Human Resources,Deployment Management Division
2022/133,FOU,State Border Guard Service Lithuania,"SAVANORIŲ PR. 2, Vilnius LT-03116, Lithuania",2022/FOU/01/Heavy Technical Equipment,429480,2022,Lithuania,Technical Equipment,Field Operations Unit
2022/137,FOU,State Border Guard Service Lithuania,"SAVANORIŲ PR. 2, Vilnius LT-03116, Lithuania",2022/FOU/01/Heavy Technical Equipment,580234,2022,Lithuania,Technical Equipment,Field Operations Unit
2022/142,DMD,State Border Guard Service Lithuania,"SAVANORIŲ PR. 2, Vilnius LT-03116, Lithuania","Support in the development of human resources to secure Member States’ contributions to the standing corps, in relation to category 1 of the standing corps",40811.01,2022,Lithuania,Human Resources,Deployment Management Division
2022/177,FOU,State Border Guard Service Lithuania,"SAVANORIŲ PR. 2, Vilnius LT-03116, Lithuania",2022/FOU/01/Heavy Technical Equipment,678446,2022,Lithuania,Technical Equipment,Field Operations Unit
2022/198,DMD,State Border Guard Service Lithuania,"SAVANORIŲ PR. 2, Vilnius LT-03116, Lithuania","Support in the development of human resources to secure Member States’ contributions to the standing corps, in relation to category 2 of the standing corps",544146.8,2022,Lithuania,Human Resources,Deployment Management Division
2022/223,DMD,State Border Guard Service Lithuania,"SAVANORIŲ PR. 2, Vilnius LT-03116, Lithuania",2022/DMD/01 Human resources and Light technical equipment,90226,2022,Lithuania,Technical Equipment & Human Resources,Deployment Management Division
2022/225,ECRET,"Migration Department, Ministry of Interior","L. Sapiegos str. Nr. 1, LT-10312 Vilnius, Lithuania",2022/ECRET/01,12221,2022,Lithuania,European Centre for Returns,European Centre for Returns
2022/251,DMD,State Border Guard Service Lithuania,"SAVANORIŲ PR. 2, Vilnius LT-03116, Lithuania","Support in the development of human resources to secure Member States’ contributions to the standing corps, in relation to category 3 of the standing corps",332201.62,2022,Lithuania,Human Resources,Deployment Management Division
2022/355,ECRET,State Border Guard Service Lithuania,"SAVANORIŲ PR. 2, Vilnius LT-03116, Lithuania",2022/ECRET/01,29408,2022,Lithuania,European Centre for Returns,European Centre for Returns
2022/399,ECRET,"Migration Department, Ministry of Interior","L. Sapiegos str. Nr. 1, LT-10312 Vilnius, Lithuania",2022/ECRET/01,190890,2022,Lithuania,European Centre for Returns,European Centre for Returns
2021/64,FDU,State Border Guard Service Lithuania,"SAVANORIŲ PR. 2, Vilnius LT-03116, Lithuania",2021/FDU/01 Human Resources and light technical equipment,953404,2021,Lithuania,Technical Equipment & Human Resources,Field Deployment Unit
2021/90,FSC,State Border Guard Service Lithuania,"SAVANORIŲ PR. 2, Vilnius LT-03116, Lithuania",2021/FSC/01 Human resources and Light technical equipment,83336,2021,Lithuania,Technical Equipment & Human Resources,Frontex Situation Centre
2021/125,FDU,State Border Guard Service Lithuania,"SAVANORIŲ PR. 2, Vilnius LT-03116, Lithuania",2021/FDU/01/Heavy Technical Equipment,958192.02,2021,Lithuania,Technical Equipment,Field Deployment Unit
2021/155,TF Deploy,State Border Guard Service Lithuania,"SAVANORIŲ PR. 2, Vilnius LT-03116, Lithuania","Support in the development of human resources to secure Member States’ contributions to the standing corps, in relation to category 1 of the standing corps",127666.77,2021,Lithuania,Human Resources,Task Force Deployment Management
2021/223,CGS,State Border Guard Service Lithuania,"SAVANORIŲ PR. 2, Vilnius LT-03116, Lithuania",2021/FDU/01 Human Resources and light technical equipment,13452,2021,Lithuania,Technical Equipment & Human Resources,Coast Guard Sector
2021/246,FDU,State Border Guard Service Lithuania,"SAVANORIŲ PR. 2, Vilnius LT-03116, Lithuania",2021/FDU/01/Heavy Technical Equipment,460763,2021,Lithuania,Technical Equipment,Field Deployment Unit
2021/257,DMD,State Border Guard Service Lithuania,"SAVANORIŲ PR. 2, Vilnius LT-03116, Lithuania","Support in the development of human resources to secure Member States’ contributions to the standing corps, in relation to category 2 of the standing corps",331933.6,2021,Lithuania,Human Resources,Deployment Management Division
2021/288,DMD,State Border Guard Service Lithuania,"SAVANORIŲ PR. 2, Vilnius LT-03116, Lithuania","Support in the development of human resources to secure Member States’ contributions to the standing corps, in relation to category 3 of the standing corps",453472.36,2021,Lithuania,Human Resources,Deployment Management Division
2021/352,ECRET,State Border Guard Service Lithuania,"SAVANORIŲ PR. 2, Vilnius LT-03116, Lithuania",2021/ECRet/01,5904,2021,Lithuania,European Centre for Returns,European Centre for Returns
2021/363,ECRET,State Border Guard Service Lithuania,"SAVANORIŲ PR. 2, Vilnius LT-03116, Lithuania",2021/ECRet/01,24856.05,2021,Lithuania,European Centre for Returns,European Centre for Returns
2021/424,DMD,State Border Guard Service Lithuania,"SAVANORIŲ PR. 2, Vilnius LT-03116, Lithuania",2021/FDU/01 Human resources and Light technical equipment,75205,2021,Lithuania,Technical Equipment & Human Resources,Deployment Management Division
2021/432,FOU,State Border Guard Service Lithuania,"SAVANORIŲ PR. 2, Vilnius LT-03116, Lithuania",2021/FDU/01/Heavy Technical Equipment,266488,2021,Lithuania,Technical Equipment,Field Operations Unit
2021/441,DMD,State Border Guard Service Lithuania,"SAVANORIŲ PR. 2, Vilnius LT-03116, Lithuania",2021/FDU/01 Human resources and Light technical equipment,70720,2021,Lithuania,Technical Equipment & Human Resources,Deployment Management Division
2020/85,FSC,State Border Guard Service Lithuania,"SAVANORIŲ PR. 2, Vilnius LT-03116, Lithuania",2020/FSC/GA FSC FIMO Deployment,134525,2020,Lithuania,FIMO Deployment,Frontex Situation Centre
2020/98,FDU,State Border Guard Service Lithuania,"SAVANORIŲ PR. 2, Vilnius LT-03116, Lithuania",2020/FDU/01/Human Resources/Light Technical Equipment,1847817,2020,Lithuania,Technical Equipment & Human Resources,Field Deployment Unit
2020/184,FDU,State Border Guard Service Lithuania,"SAVANORIŲ PR. 2, Vilnius LT-03116, Lithuania",2020/FDU/01/Heavy Technical Equipment,475660,2020,Lithuania,Technical Equipment,Field Deployment Unit
2020/217,FDU,State Border Guard Service Lithuania,"SAVANORIŲ PR. 2, Vilnius LT-03116, Lithuania",2020/FDU/01/Human Resources/Heavy Technical Technical Equipment,973552,2020,Lithuania,Technical Equipment & Human Resources,Field Deployment Unit
2020/330,TF Deploy,State Border Guard Service Lithuania,"SAVANORIŲ PR. 2, Vilnius LT-03116, Lithuania",Financial Support Cat.2,174015,2020,Lithuania,Support Cat.2,Task Force Deployment Management
2019/64,FDU,State Border Guard Service Lithuania,"Savanoriou Ave. 2, Vilnius LT-03116, Lithuania",2019/FDU/01 Human Resources,2399289,2019,Lithuania,Human Resources,Field Deployment Unit
2019/120,FSC,State Border Guard Service Lithuania,"Savanoriou Ave. 2, Vilnius LT-03116, Lithuania",2019/FSC/GA FSC FIMO Deployment,109407,2019,Lithuania,FIMO Deployment,Frontex Situation Centre
2019/226,FDU,State Border Guard Service Lithuania,"Savanoriou Ave. 2, Vilnius LT-03116, Lithuania",2019/FDU/01 Technical Equipment,303906.38,2019,Lithuania,Technical Equipment,Field Deployment Unit
2019/282,FDU,State Border Guard Service Lithuania,"Savanoriou Ave. 2, Vilnius LT-03116, Lithuania",2019/FDU/01 Technical Equipment,621778,2019,Lithuania,Technical Equipment,Field Deployment Unit
2018/28,FSC,State Border Guard Service Lithuania,"Savanoriou Ave. 2,Vilnius LT-03116,Lithuania",2018/FSC/GA FSC FIMO Deployment,109639,2018,Lithuania,FIMO Deployment,Frontex Situation Centre
2018/60,ORD,State Border Guard Service Lithuania,"Savanoriou Ave. 2,Vilnius LT-03116,Lithuania",2018/ORD/01 Human Resources,1707327,2018,Lithuania,Human Resources,Operational Response Division
2018/98,ORD,State Border Guard Service Lithuania,"Savanoriou Ave. 2,Vilnius LT-03116,Lithuania",2018/ORD/01 Technical Equipment,26114,2018,Lithuania,Technical Equipment,Operational Response Division
2018/186,ORD,State Border Guard Service Lithuania,"Savanoriou Ave. 2,Vilnius LT-03116,Lithuania",2018/ORD/01 Technical Equipment,1121109,2018,Lithuania,Technical Equipment,Operational Response Division
2018/221,ECRET,State Border Guard Service Lithuania,"Savanoriou Ave. 2,Vilnius LT-03116,Lithuania",2018/ECRet/01,25275,2018,Lithuania,European Centre for Returns,European Centre for Returns
2018/325,TRU,State Border Guard Service Lithuania,"Savanoriou Ave. 2,Vilnius LT-03116,Lithuania","2018/CFP/TRU/01 Study: The use of drones for border conrol - tactics, methodological recommendations, best practice",56566.32,2018,Lithuania,"Study: The use of drones for border conrol - tactics, methodological recommendations, best practice",Training Unit
2018/365,PRU,State Border Guard Service Lithuania,"Savanoriou Ave. 2,Vilnius LT-03116,Lithuania",2018/PRU/07 Rapid Border Intervention Exercise 2018,10409,2018,Lithuania,Rapid Border Intervention Exercise 2018,Pooled Resources Unit
2017/17,ABS,State Border Guard Service Lithuania,"Savanoriou Ave. 2, Vilnius LT-03116, Lithuania",2017/ABS/03 Focal Points 2017 Air,8920,2017,Lithuania,Focal Points,Air Border Sector
2017/30,SBS,State Border Guard Service Lithuania,"Savanoriou Ave. 2, Vilnius LT-03116, Lithuania",2017/SBS/07 JO Poseidon 2017,62665,2017,Lithuania,Poseidon,Sea Border Sector
2017/42,LBS,State Border Guard Service Lithuania,"Savanoriou Ave. 2, Vilnius LT-03116, Lithuania",2017/LBS/01 FOA,42585,2017,Lithuania,FOA,Land Borders Sector
2017/77,FSC,State Border Guard Service Lithuania,"Savanoriou Ave. 2, Vilnius LT-03116, Lithuania",2017/FSC/02 FSC Support Officer Deployment,6287,2017,Lithuania,FSC Support Officer Deployment,Frontex Situation Centre
2017/99,LBS,State Border Guard Service Lithuania,"Savanoriou Ave. 2, Vilnius LT-03116, Lithuania",2017/LBS/02 Focal Points,13420,2017,Lithuania,Focal Points,Land Borders Sector
2017/115,ABS,State Border Guard Service Lithuania,"Savanoriou Ave. 2, Vilnius LT-03116, Lithuania",2017/ABS/04 JO Focal Points 2017 Air Intermediate Managers,4338,2017,Lithuania,Focal Points,Air Border Sector
2017/151,LBS,State Border Guard Service Lithuania,"Savanoriou Ave. 2, Vilnius LT-03116, Lithuania",2017/LBS/01 FOA,26622,2017,Lithuania,FOA,Land Borders Sector
2017/155,LBS,State Border Guard Service Lithuania,"Savanoriou Ave. 2, Vilnius LT-03116, Lithuania",2017/LBS/01 FOA,6263,2017,Lithuania,FOA,Land Borders Sector
2017/202,ABS,State Border Guard Service Lithuania,"Savanoriou Ave. 2, Vilnius LT-03116, Lithuania",2017/ABS/06 JO Alexis,18223,2017,Lithuania,Alexis,Air Border Sector
2017/293,SBS,State Border Guard Service Lithuania,"Savanoriou Ave. 2, Vilnius LT-03116, Lithuania",2017/SBS/07 JO Poseidon 2017,88320,2017,Lithuania,Poseidon,Sea Border Sector
2017/322,LBS,State Border Guard Service Lithuania,"Savanoriou Ave. 2, Vilnius LT-03116, Lithuania",2017/LBS/02 Focal Points,15269,2017,Lithuania,Focal Points,Land Borders Sector
2017/326,SBS,State Border Guard Service Lithuania,"Savanoriou Ave. 2, Vilnius LT-03116, Lithuania",2017/SBS/07 JO Poseidon 2017,11879,2017,Lithuania,Poseidon,Sea Border Sector
2017/336,RSU,State Border Guard Service Lithuania,"Savanoriou Ave. 2, Vilnius LT-03116, Lithuania",2017/RSU/03 JO Poseidon,74549,2017,Lithuania,Poseidon,Return Support Unit
2017/338,LBS,State Border Guard Service Lithuania,"Savanoriou Ave. 2, Vilnius LT-03116, Lithuania",2017/LBS/01 FOA,10072,2017,Lithuania,FOA,Land Borders Sector
2017/384,FSC,State Border Guard Service Lithuania,"Savanoriou Ave. 2, Vilnius LT-03116, Lithuania",2017/FSC/01 FSC Support Officer Deployment,20625,2017,Lithuania,FSC Support Officer Deployment,Frontex Situation Centre
2017/393,RSU,State Border Guard Service Lithuania,"Savanoriou Ave. 2, Vilnius LT-03116, Lithuania",2017/RSU/01 RO to Pakistan,3812,2017,Lithuania,Return Operations,Return Support Unit
2017/419,SBS,State Border Guard Service Lithuania,"Savanoriou Ave. 2, Vilnius LT-03116, Lithuania",2017/SBS/05 JO Triton 2017,10718,2017,Lithuania,Triton,Sea Border Sector
2017/493,SBS,State Border Guard Service Lithuania,"Savanoriou Ave. 2, Vilnius LT-03116, Lithuania",2017/SBS/07 JO Poseidon 2017,13904,2017,Lithuania,Poseidon,Sea Border Sector
2017/498,LBS,State Border Guard Service Lithuania,"Savanoriou Ave. 2, Vilnius LT-03116, Lithuania",2017/LBS/01 FOA,14087,2017,Lithuania,FOA,Land Borders Sector
2017/503,SBS,State Border Guard Service Lithuania,"Savanoriou Ave. 2, Vilnius LT-03116, Lithuania",2017/SBS/07 JO Poseidon 2017,500510,2017,Lithuania,Poseidon,Sea Border Sector
2017/533,RSU,State Border Guard Service Lithuania,"Savanoriou Ave. 2, Vilnius LT-03116, Lithuania",2017/RSU/03 JO Poseidon,65501,2017,Lithuania,Poseidon,Return Support Unit
2017/541,LBS,State Border Guard Service Lithuania,"Savanoriou Ave. 2, Vilnius LT-03116, Lithuania",2017/LBS/02 Focal Points,15269,2017,Lithuania,Focal Points,Land Borders Sector
2017/562,ABS,State Border Guard Service Lithuania,"Savanoriou Ave. 2, Vilnius LT-03116, Lithuania",2017/ABS/06 JO Alexis,7841,2017,Lithuania,Alexis,Air Border Sector
2017/565,SBS,State Border Guard Service Lithuania,"Savanoriou Ave. 2, Vilnius LT-03116, Lithuania",2017/SBS/07 JO Poseidon 2017,53087,2017,Lithuania,Poseidon,Sea Border Sector
2017/627,SBS,State Border Guard Service Lithuania,"Savanoriou Ave. 2, Vilnius LT-03116, Lithuania",2017/SBS/05 JO Triton 2017,12733,2017,Lithuania,Triton,Sea Border Sector
2017/641,ABS,State Border Guard Service Lithuania,"Savanoriou Ave. 2, Vilnius LT-03116, Lithuania",2017/ABS/03 Focal Points 2017 Air,6922,2017,Lithuania,Focal Points,Air Border Sector
2017/698,LBS,State Border Guard Service Lithuania,"Savanoriou Ave. 2, Vilnius LT-03116, Lithuania",2017/LBS/01 FOA,10286,2017,Lithuania,FOA,Land Borders Sector
2017/703,ABS,State Border Guard Service Lithuania,"Savanoriou Ave. 2, Vilnius LT-03116, Lithuania",2017/ABS/04 JO Focal Points 2017 Air Intermediate Managers,4545,2017,Lithuania,Focal Points,Air Border Sector
2017/766,SBS,State Border Guard Service Lithuania,"Savanoriou Ave. 2, Vilnius LT-03116, Lithuania",2017/SBS/07 JO Poseidon 2017,28007,2017,Lithuania,Poseidon,Sea Border Sector
2017/767,SBS,State Border Guard Service Lithuania,"Savanoriou Ave. 2, Vilnius LT-03116, Lithuania",2017/SBS/07 JO Poseidon 2017,9498,2017,Lithuania,Poseidon,Sea Border Sector
2017/776,LBS,State Border Guard Service Lithuania,"Savanoriou Ave. 2, Vilnius LT-03116, Lithuania",2017/LBS/01 FOA,13915,2017,Lithuania,FOA,Land Borders Sector
2017/777,LBS,State Border Guard Service Lithuania,"Savanoriou Ave. 2, Vilnius LT-03116, Lithuania",2017/LBS/02 Focal Points,6038,2017,Lithuania,Focal Points,Land Borders Sector
2017/789,LBS,State Border Guard Service Lithuania,"Savanoriou Ave. 2, Vilnius LT-03116, Lithuania",2017/LBS/03 Coordination Points,6362,2017,Lithuania,Coordination Points,Land Borders Sector
2017/816,FSC,State Border Guard Service Lithuania,"Savanoriou Ave. 2, Vilnius LT-03116, Lithuania",2017/FSC/02 FSC Support Officer Deployment,7102,2017,Lithuania,FSC Support Officer Deployment,Frontex Situation Centre
2017/817,RSU,State Border Guard Service Lithuania,"Savanoriou Ave. 2, Vilnius LT-03116, Lithuania",2017/RSU/03 JO Poseidon,65879,2017,Lithuania,Poseidon,Return Support Unit
2017/840,LBS,State Border Guard Service Lithuania,"Savanoriou Ave. 2, Vilnius LT-03116, Lithuania",2017/LBS/03 Coordination Points,3520,2017,Lithuania,Coordination Points,Land Borders Sector
2017/913,ABS,State Border Guard Service Lithuania,"Savanoriou Ave. 2, Vilnius LT-03116, Lithuania",2017/ABS/03 Focal Points 2017 Air,16497,2017,Lithuania,Focal Points,Air Border Sector
2017/979,LBS,State Border Guard Service Lithuania,"Savanoriou Ave. 2, Vilnius LT-03116, Lithuania",2017/LBS/01 FOA,25799,2017,Lithuania,FOA,Land Borders Sector
2017/996,SBS,State Border Guard Service Lithuania,"Savanoriou Ave. 2, Vilnius LT-03116, Lithuania",2017/SBS/04 Minerva 2017,11259,2017,Lithuania,Minerva,Sea Border Sector
2017/1052,SBS,State Border Guard Service Lithuania,"Savanoriou Ave. 2, Vilnius LT-03116, Lithuania",2017/SBS/07 JO Poseidon 2017,14350,2017,Lithuania,Poseidon,Sea Border Sector
2017/1061,LBS,State Border Guard Service Lithuania,"Savanoriou Ave. 2, Vilnius LT-03116, Lithuania",2017/LBS/03 Coordination Points,7004,2017,Lithuania,Coordination Points,Land Borders Sector
2017/1079,LBS,State Border Guard Service Lithuania,"Savanoriou Ave. 2, Vilnius LT-03116, Lithuania",2017/LBS/03 Coordination Points,7004,2017,Lithuania,Coordination Points,Land Borders Sector
2017/1081,RSU,State Border Guard Service Lithuania,"Savanoriou Ave. 2, Vilnius LT-03116, Lithuania",2017/RSU/03 Poseidon,51199,2017,Lithuania,Poseidon,Return Support Unit
2017/1082,FSC,State Border Guard Service Lithuania,"Savanoriou Ave. 2, Vilnius LT-03116, Lithuania",2017/FSC/02 FSC Support Officer Deployment,6658,2017,Lithuania,FSC Support Officer Deployment,Frontex Situation Centre
2017/1092,LBS,State Border Guard Service Lithuania,"Savanoriou Ave. 2, Vilnius LT-03116, Lithuania",2017/LBS/01 FOA,14138,2017,Lithuania,FOA,Land Borders Sector
2017/1093,LBS,State Border Guard Service Lithuania,"Savanoriou Ave. 2, Vilnius LT-03116, Lithuania",2017/LBS/02 Focal Points,16114,2017,Lithuania,Focal Points,Land Borders Sector
2017/1111,ABS,State Border Guard Service Lithuania,"Savanoriou Ave. 2, Vilnius LT-03116, Lithuania",2017/ABS/06 JO Alexis,6855,2017,Lithuania,Alexis,Air Border Sector
2017/1123,SBS,State Border Guard Service Lithuania,"Savanoriou Ave. 2, Vilnius LT-03116, Lithuania",2017/SBS/05 JO Triton 2017,21910,2017,Lithuania,Triton,Sea Border Sector
2017/1128,LBS,State Border Guard Service Lithuania,"Savanoriou Ave. 2, Vilnius LT-03116, Lithuania",2017/LBS/01 FOA,30616,2017,Lithuania,FOA,Land Borders Sector
2017/1292,FSC,State Border Guard Service Lithuania,"Savanoriou Ave. 2, Vilnius LT-03116, Lithuania",2017/FSC/02 FSC Support Officer Deployment,6843,2017,Lithuania,FSC Support Officer Deployment,Frontex Situation Centre
2017/1310,RSU,State Border Guard Service Lithuania,"Savanoriou Ave. 2, Vilnius LT-03116, Lithuania",2017/RSU/01 RO to Pakistan,2982,2017,Lithuania,Return Operations,Return Support Unit
2017/1313,LBS,State Border Guard Service Lithuania,"Savanoriou Ave. 2, Vilnius LT-03116, Lithuania",2017/LBS/01 FOA,14970,2017,Lithuania,FOA,Land Borders Sector
2017/1315,SBS,State Border Guard Service Lithuania,"Savanoriou Ave. 2, Vilnius LT-03116, Lithuania",2017/SBS/07 JO Poseidon 2017,83323,2017,Lithuania,Poseidon,Sea Border Sector
2017/1359,RSU,State Border Guard Service Lithuania,"Savanoriou Ave. 2, Vilnius LT-03116, Lithuania",2017/RSU/03 JO Poseidon/Readmission,63515,2017,Lithuania,Poseidon,Return Support Unit
2017/1452,FSC,State Border Guard Service Lithuania,"Savanoriou Ave. 2, Vilnius LT-03116, Lithuania",2017/FSC/01 FSC Support Officer Deployment,19788,2017,Lithuania,FSC Support Officer Deployment,Frontex Situation Centre
2017/1481,PRU,State Border Guard Service Lithuania,"Savanoriou Ave. 2, Vilnius LT-03116, Lithuania",2017/PRU/05 REX 2017,49183,2017,Lithuania,REX 2017,Pooled Resources Unit
2017/1531,SBS,State Border Guard Service Lithuania,"Savanoriou Ave. 2, Vilnius LT-03116, Lithuania",2017/SBS/07 JO Poseidon 2017,32325,2017,Lithuania,Poseidon,Sea Border Sector
2017/1542,TRU,State Border Guard Service Lithuania,"Savanoriou Ave. 2, Vilnius LT-03116, Lithuania",2017/TRU/D3 Profiling and 2nd Line Interview during Border Checks,56836,2017,Lithuania,Profiling and 2nd Line Interview during Border Checks,Training Unit
2017/1556,ABS,State Border Guard Service Lithuania,"Savanoriou Ave. 2, Vilnius LT-03116, Lithuania",2017/ABS/06 JO Alexis,8926,2017,Lithuania,Alexis,Air Border Sector
2017/1576,FSC,State Border Guard Service Lithuania,"Savanoriou Ave. 2, Vilnius LT-03116, Lithuania",2017/FSC/01 FSC Support Officer Deployment,7110,2017,Lithuania,FSC Support Officer Deployment,Frontex Situation Centre
2017/1632,SBS,State Border Guard Service Lithuania,"Savanoriou Ave. 2, Vilnius LT-03116, Lithuania",2017/SBS/07 JO Poseidon 2017,10224,2017,Lithuania,Poseidon,Sea Border Sector
2017/1660,RSU,State Border Guard Service Lithuania,"Savanoriou Ave. 2, Vilnius LT-03116, Lithuania",2017/RSU/03 JO Poseidon/Readmission,38937,2017,Lithuania,Poseidon,Return Support Unit
2017/1714,FSC,State Border Guard Service Lithuania,"Savanoriou Ave. 2, Vilnius LT-03116, Lithuania",2017/FSC/01 FSC FIMO Deployment,13500,2017,Lithuania,FIMO Deployment,Frontex Situation Centre
2017/1715,FSC,State Border Guard Service Lithuania,"Savanoriou Ave. 2, Vilnius LT-03116, Lithuania",2017/FSC/01 FSC FIMO Deployment,14056,2017,Lithuania,FIMO Deployment,Frontex Situation Centre
2017/1723,LBS,State Border Guard Service Lithuania,"Savanoriou Ave. 2, Vilnius LT-03116, Lithuania",2017/LBS/02 Focal Points,6912,2017,Lithuania,Focal Points,Land Borders Sector
2017/1733,RSU,State Border Guard Service Lithuania,"Savanoriou Ave. 2, Vilnius LT-03116, Lithuania",2017/RSU/03 JO Poseidon/Readmission,43207,2017,Lithuania,Poseidon,Return Support Unit
2017/1775,SBS,State Border Guard Service Lithuania,"Savanoriou Ave. 2, Vilnius LT-03116, Lithuania",2017/SBS/07 JO Poseidon 2017,12409,2017,Lithuania,Poseidon,Sea Border Sector
2017/1776,LBS,State Border Guard Service Lithuania,"Savanoriou Ave. 2, Vilnius LT-03116, Lithuania",2017/LBS/02 Focal Points,6691,2017,Lithuania,Focal Points,Land Borders Sector
2017/1805,FSC,State Border Guard Service Lithuania,"Savanoriou Ave. 2, Vilnius LT-03116, Lithuania",2017/FSC/02 FSC FIMO Deployment,6775,2017,Lithuania,FIMO Deployment,Frontex Situation Centre
2017/1831,SBS,State Border Guard Service Lithuania,"Savanoriou Ave. 2, Vilnius LT-03116, Lithuania",2017/SBS/05 JO Triton 2017,12210,2017,Lithuania,Triton,Sea Border Sector
2016/3,SBS,State Border Guard Service Lithuania,"Savanoriou Ave. 2,Vilnius LT-03116,Lithuania",2015/SBS/08 Poseidon Rapid Intervention,138585,2016,Lithuania,Poseidon,Sea Border Sector
2016/98,LBS,State Border Guard Service Lithuania,"Savanoriou Ave. 2,Vilnius LT-03116,Lithuania",2016/LBS/01 FOA,21128,2016,Lithuania,FOA,Land Borders Sector
2016/150,LBS,State Border Guard Service Lithuania,"Savanoriou Ave. 2,Vilnius LT-03116,Lithuania",2016/LBS/02 JO Focal Points,5712,2016,Lithuania,Focal Points,Land Borders Sector
2016/161,LBS,State Border Guard Service Lithuania,"Savanoriou Ave. 2,Vilnius LT-03116,Lithuania",2016/LBS/02 JO Focal Points,2860,2016,Lithuania,Focal Points,Land Borders Sector
2016/163,RSU,State Border Guard Service Lithuania,"Savanoriou Ave. 2,Vilnius LT-03116,Lithuania",2016/RSU/01 JRO to Georgia&Armenia,2055,2016,Lithuania,Return Operations,Return Support Unit
2016/188,LBS,State Border Guard Service Lithuania,"Savanoriou Ave. 2,Vilnius LT-03116,Lithuania",2016/LBS/01 FOA,36173,2016,Lithuania,FOA,Land Borders Sector
2016/191,SBS,State Border Guard Service Lithuania,"Savanoriou Ave. 2,Vilnius LT-03116,Lithuania",2016/SBS/05 EPN-Triton,12749,2016,Lithuania,Triton,Sea Border Sector
2016/200,ABS,State Border Guard Service Lithuania,"Savanoriou Ave. 2,Vilnius LT-03116,Lithuania",2016/ABS/06 Alexis,8911,2016,Lithuania,Alexis,Air Border Sector
2016/233,LBS,State Border Guard Service Lithuania,"Savanoriou Ave. 2,Vilnius LT-03116,Lithuania",2016/LBS/01 FOA,33676,2016,Lithuania,FOA,Land Borders Sector
2016/263,FSC,State Border Guard Service Lithuania,"Savanoriou Ave. 2,Vilnius LT-03116,Lithuania",2016/FSC/01 FSC Support Officer Deployment,9991,2016,Lithuania,FSC Support Officer Deployment,Frontex Situation Centre
2016/264,FSC,State Border Guard Service Lithuania,"Savanoriou Ave. 2,Vilnius LT-03116,Lithuania",2016/FSC/02 FSC Support Officer Deployment,13443,2016,Lithuania,FSC Support Officer Deployment,Frontex Situation Centre
2016/265,FSC,State Border Guard Service Lithuania,"Savanoriou Ave. 2,Vilnius LT-03116,Lithuania",2016/FSC/01 FSC Support Officer Deployment,9486,2016,Lithuania,FSC Support Officer Deployment,Frontex Situation Centre
2016/271,SBS,State Border Guard Service Lithuania,"Savanoriou Ave. 2,Vilnius LT-03116,Lithuania",2015/SBS/08 Poseidon Rapid Intervention,29650,2016,Lithuania,Poseidon,Sea Border Sector
2016/361,SBS,State Border Guard Service Lithuania,"Savanoriou Ave. 2,Vilnius LT-03116,Lithuania",2015/SBS/08 Poseidon Rapid Intervention,32100,2016,Lithuania,Poseidon,Sea Border Sector
2016/373,RSU,State Border Guard Service Lithuania,"Savanoriou Ave. 2,Vilnius LT-03116,Lithuania",2016/RSU/03 Poseidon Rapid Intervention/Readmission Activities,173880,2016,Lithuania,Poseidon,Return Support Unit
2016/391,LBS,State Border Guard Service Lithuania,"Savanoriou Ave. 2,Vilnius LT-03116,Lithuania",2016/LBS/01 FOA,13472,2016,Lithuania,FOA,Land Borders Sector
2016/428,LBS,State Border Guard Service Lithuania,"Savanoriou Ave. 2,Vilnius LT-03116,Lithuania",2016/LBS/02 JO Focal Points,23702,2016,Lithuania,Focal Points,Land Borders Sector
2016/467,RSU,State Border Guard Service Lithuania,"Savanoriou Ave. 2,Vilnius LT-03116,Lithuania",2016/RSU/01 JRO to Nigeria,1698,2016,Lithuania,Return Operations,Return Support Unit
2016/525,FSC,State Border Guard Service Lithuania,"Savanoriou Ave. 2,Vilnius LT-03116,Lithuania",2016/FSC/01 FSC Support Officer Deployment,11031,2016,Lithuania,FSC Support Officer Deployment,Frontex Situation Centre
2016/539,SBS,State Border Guard Service Lithuania,"Savanoriou Ave. 2,Vilnius LT-03116,Lithuania",2016/SBS/05 EPN-Triton,12926,2016,Lithuania,Triton,Sea Border Sector
2016/567,LBS,State Border Guard Service Lithuania,"Savanoriou Ave. 2,Vilnius LT-03116,Lithuania",2016/LBS/01 FOA,15077,2016,Lithuania,FOA,Land Borders Sector
2016/575,LBS,State Border Guard Service Lithuania,"Savanoriou Ave. 2,Vilnius LT-03116,Lithuania",2016/LBS/03 JO Coordination Points 2016,10676,2016,Lithuania,Coordination Points,Land Borders Sector
2016/578,ABS,State Border Guard Service Lithuania,"Savanoriou Ave. 2,Vilnius LT-03116,Lithuania",2016/ABS/11 Vega children 2016,8130,2016,Lithuania,VEGA Children,Air Border Sector
2016/601,ABS,State Border Guard Service Lithuania,"Savanoriou Ave. 2,Vilnius LT-03116,Lithuania",2016/ABS/04 Focal Points Air IM,3450,2016,Lithuania,Focal Points,Air Border Sector
2016/609,LBS,State Border Guard Service Lithuania,"Savanoriou Ave. 2,Vilnius LT-03116,Lithuania",2016/LBS/02 JO Focal Points,13316,2016,Lithuania,Focal Points,Land Borders Sector
2016/618,SBS,State Border Guard Service Lithuania,"Savanoriou Ave. 2,Vilnius LT-03116,Lithuania",2016/SBS/07 EPN-Poseidon Sea 2016,564653,2016,Lithuania,Poseidon,Sea Border Sector
2016/635,SBS,State Border Guard Service Lithuania,"Savanoriou Ave. 2,Vilnius LT-03116,Lithuania",2016/SBS/07 EPN-Poseidon Sea 2016,30997,2016,Lithuania,Poseidon,Sea Border Sector
2016/725,LBS,State Border Guard Service Lithuania,"Savanoriou Ave. 2,Vilnius LT-03116,Lithuania",2016/LBS/04 FOA on Border Checks,1700,2016,Lithuania,FOA,Land Borders Sector
2016/775,LBS,State Border Guard Service Lithuania,"Savanoriou Ave. 2,Vilnius LT-03116,Lithuania",2016/LBS/02 JO Focal Points,20376,2016,Lithuania,Focal Points,Land Borders Sector
2016/782,SBS,State Border Guard Service Lithuania,"Savanoriou Ave. 2,Vilnius LT-03116,Lithuania",2016/SBS/07 EPN-Poseidon Sea 2016,13666,2016,Lithuania,Poseidon,Sea Border Sector
2016/783,SBS,State Border Guard Service Lithuania,"Savanoriou Ave. 2,Vilnius LT-03116,Lithuania",2016/SBS/07 EPN-Poseidon Sea 2016,8842,2016,Lithuania,Poseidon,Sea Border Sector
2016/789,LBS,State Border Guard Service Lithuania,"Savanoriou Ave. 2,Vilnius LT-03116,Lithuania",2016/LBS/01 FOA,14161,2016,Lithuania,FOA,Land Borders Sector
2016/800,LBS,State Border Guard Service Lithuania,"Savanoriou Ave. 2,Vilnius LT-03116,Lithuania",2016/LBS/03 JO Coordination Points 2016,16140,2016,Lithuania,Coordination Points,Land Borders Sector
2016/874,LBS,State Border Guard Service Lithuania,"Savanoriou Ave. 2,Vilnius LT-03116,Lithuania",2016/LBS/03 JO Coordination Points 2016,9494,2016,Lithuania,Coordination Points,Land Borders Sector
2016/878,LBS,State Border Guard Service Lithuania,"Savanoriou Ave. 2,Vilnius LT-03116,Lithuania",2016/LBS/02 JO Focal Points,6033,2016,Lithuania,Focal Points,Land Borders Sector
2016/879,LBS,State Border Guard Service Lithuania,"Savanoriou Ave. 2,Vilnius LT-03116,Lithuania",2016/LBS/02 JO Focal Points,12065,2016,Lithuania,Focal Points,Land Borders Sector
2016/945,LBS,State Border Guard Service Lithuania,"Savanoriou Ave. 2,Vilnius LT-03116,Lithuania",2016/LBS/02 JO Focal Points,2260,2016,Lithuania,Focal Points,Land Borders Sector
2016/956,SBS,State Border Guard Service Lithuania,"Savanoriou Ave. 2,Vilnius LT-03116,Lithuania",2016/SBS/04 EPN Minerva 2016,67244,2016,Lithuania,Minerva,Sea Border Sector
2016/1044,SBS,State Border Guard Service Lithuania,"Savanoriou Ave. 2,Vilnius LT-03116,Lithuania",2016/SBS/07 EPN-Poseidon Sea 2016,115443,2016,Lithuania,Poseidon,Sea Border Sector
2016/1058,LBS,State Border Guard Service Lithuania,"Savanoriou Ave. 2,Vilnius LT-03116,Lithuania",2016/LBS/01 FOA,25328,2016,Lithuania,FOA,Land Borders Sector
2016/1094,ABS,State Border Guard Service Lithuania,"Savanoriou Ave. 2,Vilnius LT-03116,Lithuania",2016/ABS/03 Focal Points Air,880,2016,Lithuania,Focal Points,Air Border Sector
2016/1097,LBS,State Border Guard Service Lithuania,"Savanoriou Ave. 2,Vilnius LT-03116,Lithuania",2016/LBS/01 FOA,32593,2016,Lithuania,FOA,Land Borders Sector
2016/1142,ABS,State Border Guard Service Lithuania,"Savanoriou Ave. 2,Vilnius LT-03116,Lithuania",2016/ABS/03 Focal Points Air,17416,2016,Lithuania,Focal Points,Air Border Sector
2016/1181,LBS,State Border Guard Service Lithuania,"Savanoriou Ave. 2,Vilnius LT-03116,Lithuania",2016/LBS/02 JO Focal Points,7571,2016,Lithuania,Focal Points,Land Borders Sector
2016/1221,SBS,State Border Guard Service Lithuania,"Savanoriou Ave. 2,Vilnius LT-03116,Lithuania",2016/SBS/07 EPN-Poseidon Sea 2016,25132,2016,Lithuania,Poseidon,Sea Border Sector
2016/1253,LBS,State Border Guard Service Lithuania,"Savanoriou Ave. 2,Vilnius LT-03116,Lithuania",2016/LBS/03 JO Coordination Points 2016,11517,2016,Lithuania,Coordination Points,Land Borders Sector
2016/1366,SBS,State Border Guard Service Lithuania,"Savanoriou Ave. 2,Vilnius LT-03116,Lithuania",2016/SBS/05 EPN-Triton,11545,2016,Lithuania,Triton,Sea Border Sector
2016/1369,SBS,State Border Guard Service Lithuania,"Savanoriou Ave. 2,Vilnius LT-03116,Lithuania",2016/SBS/07 EPN-Poseidon Sea 2016,52302,2016,Lithuania,Poseidon,Sea Border Sector
2016/1391,LBS,State Border Guard Service Lithuania,"Savanoriou Ave. 2,Vilnius LT-03116,Lithuania",2016/LBS/01 FOA,11648,2016,Lithuania,FOA,Land Borders Sector
2016/1396,SBS,State Border Guard Service Lithuania,"Savanoriou Ave. 2,Vilnius LT-03116,Lithuania",2016/SBS/07 EPN-Poseidon Sea 2016,14755,2016,Lithuania,Poseidon,Sea Border Sector
2016/1446,ABS,State Border Guard Service Lithuania,"Savanoriou Ave. 2,Vilnius LT-03116,Lithuania",2016/ABS/04 Focal Points Air IM,4124,2016,Lithuania,Focal Points,Air Border Sector
2016/1495,SBS,State Border Guard Service Lithuania,"Savanoriou Ave. 2,Vilnius LT-03116,Lithuania",2016/SBS/05 EPN-Triton,12356,2016,Lithuania,Triton,Sea Border Sector
2016/1497,LBS,State Border Guard Service Lithuania,"Savanoriou Ave. 2,Vilnius LT-03116,Lithuania",2016/LBS/01 FOA,25216,2016,Lithuania,FOA,Land Borders Sector
2016/1511,FSC,State Border Guard Service Lithuania,"Savanoriou Ave. 2,Vilnius LT-03116,Lithuania",2016/FSC/02 FSC Support Officer Deployment,7411,2016,Lithuania,FSC Support Officer Deployment,Frontex Situation Centre
2016/1564,RSU,State Border Guard Service Lithuania,"Savanoriou Ave. 2,Vilnius LT-03116,Lithuania",2016/RSU/01 JRO to India and Sri Lanka,3280,2016,Lithuania,Return Operations,Return Support Unit
2016/1574,LBS,State Border Guard Service Lithuania,"Savanoriou Ave. 2,Vilnius LT-03116,Lithuania",2016/LBS/01 FOA,25216,2016,Lithuania,FOA,Land Borders Sector
2016/1584,SBS,State Border Guard Service Lithuania,"Savanoriou Ave. 2,Vilnius LT-03116,Lithuania",2016/SBS/05 EPN-Triton,8941,2016,Lithuania,Triton,Sea Border Sector
2016/1602,FSC,State Border Guard Service Lithuania,"Savanoriou Ave. 2,Vilnius LT-03116,Lithuania",2016/FSC/01 FSC Support Officer Deployment,8696,2016,Lithuania,FSC Support Officer Deployment,Frontex Situation Centre
2016/1610,FSC,State Border Guard Service Lithuania,"Savanoriou Ave. 2,Vilnius LT-03116,Lithuania",2016/FSC/02 FSC Support Officer Deployment,7363,2016,Lithuania,FSC Support Officer Deployment,Frontex Situation Centre
2016/1639,FSC,State Border Guard Service Lithuania,"Savanoriou Ave. 2,Vilnius LT-03116,Lithuania",2016/FSC/02 FSC Support Officer Deployment,5917,2016,Lithuania,FSC Support Officer Deployment,Frontex Situation Centre
2016/1640,FSC,State Border Guard Service Lithuania,"Savanoriou Ave. 2,Vilnius LT-03116,Lithuania",2016/FSC/01 FSC Support Officer Deployment,5917,2016,Lithuania,FSC Support Officer Deployment,Frontex Situation Centre
2016/1715,RSU,State Border Guard Service Lithuania,"Savanoriou Ave. 2,Vilnius LT-03116,Lithuania",2016/RSU/03 EPN Poseidon/Readmission Activities,127178,2016,Lithuania,Poseidon,Return Support Unit
2016/1736,LBS,State Border Guard Service Lithuania,"Savanoriou Ave. 2,Vilnius LT-03116,Lithuania",2016/LBS/01 FOA,11404,2016,Lithuania,FOA,Land Borders Sector
2015/50,LBS,State Border Guard Service Lithuania,"Savanoriou Ave. 2, Vilnius LT-03116,Lithuania",2015/LBS/02 Focal Points,306,2015,Lithuania,Focal Points,Land Borders Sector
2015/112,LBS,State Border Guard Service Lithuania,"Savanoriou Ave. 2, Vilnius LT-03116,Lithuania",2015/LBS/02 Focal Points,11102,2015,Lithuania,Focal Points,Land Borders Sector
2015/144,LBS,State Border Guard Service Lithuania,"Savanoriou Ave. 2, Vilnius LT-03116,Lithuania",2015/LBS/03 Coordination Points,13399,2015,Lithuania,Coordination Points,Land Borders Sector
2015/198,ABS,State Border Guard Service Lithuania,"Savanoriou Ave. 2, Vilnius LT-03116,Lithuania",2015/ABS/04 Focal Points Intermediate Managers,160,2015,Lithuania,Focal Points,Air Border Sector
2015/248,ABS,State Border Guard Service Lithuania,"Savanoriou Ave. 2, Vilnius LT-03116,Lithuania",2015/ABS/06 JO Alexis 2015,12452,2015,Lithuania,Alexis,Air Border Sector
2015/310,FSC,State Border Guard Service Lithuania,"Savanoriou Ave. 2, Vilnius LT-03116,Lithuania",2015/FSC/03 FSC Support Officer Deployment,6133,2015,Lithuania,FSC Support Officer Deployment,Frontex Situation Centre
2015/392,LBS,State Border Guard Service Lithuania,"Savanoriou Ave. 2, Vilnius LT-03116,Lithuania",2015/LBS/01 Flexible Operational Activities,14631,2015,Lithuania,Flexible Operational Activities,Land Borders Sector
2015/400,LBS,State Border Guard Service Lithuania,"Savanoriou Ave. 2, Vilnius LT-03116,Lithuania",2015/LBS/02 Focal Points,5872,2015,Lithuania,Focal Points,Land Borders Sector
2015/403,LBS,State Border Guard Service Lithuania,"Savanoriou Ave. 2, Vilnius LT-03116,Lithuania",2015/LBS/03 Coordination Points,13869,2015,Lithuania,Coordination Points,Land Borders Sector
2015/430,ABS,State Border Guard Service Lithuania,"Savanoriou Ave. 2, Vilnius LT-03116,Lithuania",2015/ABS/11 JO VEGA Children,7443,2015,Lithuania,VEGA Children,Air Border Sector
2015/433,ABS,State Border Guard Service Lithuania,"Savanoriou Ave. 2, Vilnius LT-03116,Lithuania",2015/ABS/03 Focal Points,16005,2015,Lithuania,Focal Points,Air Border Sector
2015/486,SBS,State Border Guard Service Lithuania,"Savanoriou Ave. 2, Vilnius LT-03116,Lithuania",2015/SBS/07 EPN-Poseidon Sea,11105,2015,Lithuania,Poseidon,Sea Border Sector
2015/501,SBS,State Border Guard Service Lithuania,"Savanoriou Ave. 2, Vilnius LT-03116,Lithuania",2015/SBS/05 EPN-Triton,13137,2015,Lithuania,Triton,Sea Border Sector
2015/519,LBS,State Border Guard Service Lithuania,"Savanoriou Ave. 2, Vilnius LT-03116,Lithuania",2015/LBS/02 Focal Points,11447,2015,Lithuania,Focal Points,Land Borders Sector
2015/552,SBS,State Border Guard Service Lithuania,"Savanoriou Ave. 2, Vilnius LT-03116,Lithuania",2015/SBS/06 Focal Points,1527,2015,Lithuania,Focal Points,Sea Border Sector
2015/577,LBS,State Border Guard Service Lithuania,"Savanoriou Ave. 2, Vilnius LT-03116,Lithuania",2015/LBS/02 Focal Points,324,2015,Lithuania,Focal Points,Land Borders Sector
2015/592,LBS,State Border Guard Service Lithuania,"Savanoriou Ave. 2, Vilnius LT-03116,Lithuania",2015/LBS/02 Focal Points,11205,2015,Lithuania,Focal Points,Land Borders Sector
2015/617,SBS,State Border Guard Service Lithuania,"Savanoriou Ave. 2, Vilnius LT-03116,Lithuania",2015/SBS/06 Focal Points,620,2015,Lithuania,Focal Points,Sea Border Sector
2015/677,ROS,State Border Guard Service Lithuania,"Savanoriou Ave. 2, Vilnius LT-03116,Lithuania",2015/ROS/39 JRO to Albania&Georgia,1144,2015,Lithuania,Return Operations,Return Operations Sector
2015/695,LBS,State Border Guard Service Lithuania,"Savanoriou Ave. 2, Vilnius LT-03116,Lithuania",2015/LBS/03 Coordination Points,8031,2015,Lithuania,Coordination Points,Land Borders Sector
2015/700,SBS,State Border Guard Service Lithuania,"Savanoriou Ave. 2, Vilnius LT-03116,Lithuania",2015/SBS/07 EPN-Poseidon Sea,600169,2015,Lithuania,Poseidon,Sea Border Sector
2015/704,LBS,State Border Guard Service Lithuania,"Savanoriou Ave. 2, Vilnius LT-03116,Lithuania",2015/LBS/01 Flexible Operational Activities,50335,2015,Lithuania,Flexible Operational Activities,Land Borders Sector
2015/718,ABS,State Border Guard Service Lithuania,"Savanoriou Ave. 2, Vilnius LT-03116,Lithuania",2015/ABS/11 JO VEGA Children,12164,2015,Lithuania,VEGA Children,Air Border Sector
2015/784,PRU,State Border Guard Service Lithuania,"Savanoriou Ave. 2, Vilnius LT-03116,Lithuania",2015/PRU/04 Rapid Intervention Exercise - REX 2015,12558,2015,Lithuania,Rapid Intervention Exercise - REX 2015,Pooled Resources Unit
2015/877,LBS,State Border Guard Service Lithuania,"Savanoriou Ave. 2, Vilnius LT-03116,Lithuania",2015/LBS/02 Focal Points,4845,2015,Lithuania,Focal Points,Land Borders Sector
2015/887,ABS,State Border Guard Service Lithuania,"Savanoriou Ave. 2, Vilnius LT-03116,Lithuania",2015/ABS/04 Focal Points Intermediate Managers,3544,2015,Lithuania,Focal Points,Air Border Sector
2015/927,FSC,State Border Guard Service Lithuania,"Savanoriou Ave. 2, Vilnius LT-03116,Lithuania",2015/FSC/01 Fusion Services,8981,2015,Lithuania,Fusion Services,Frontex Situation Centre
2015/977,LBS,State Border Guard Service Lithuania,"Savanoriou Ave. 2, Vilnius LT-03116,Lithuania",2015/LBS/02 Focal Points,6692,2015,Lithuania,Focal Points,Land Borders Sector
2015/1001,LBS,State Border Guard Service Lithuania,"Savanoriou Ave. 2, Vilnius LT-03116,Lithuania",2015/LBS/01 Flexible Operational Activities,5376,2015,Lithuania,Flexible Operational Activities,Land Borders Sector
2015/1015,FSC,State Border Guard Service Lithuania,"Savanoriou Ave. 2, Vilnius LT-03116,Lithuania",2015/FSC/03 FSC Support Officer Deployment,6001,2015,Lithuania,FSC Support Officer Deployment,Frontex Situation Centre
2015/1022,LBS,State Border Guard Service Lithuania,"Savanoriou Ave. 2, Vilnius LT-03116,Lithuania",2015/LBS/01 Flexible Operational Activities,58431,2015,Lithuania,Flexible Operational Activities,Land Borders Sector
2015/1047,FSC,State Border Guard Service Lithuania,"Savanoriou Ave. 2, Vilnius LT-03116,Lithuania",2015/FSC/03 FSC Support Officer Deployment,6846,2015,Lithuania,FSC Support Officer Deployment,Frontex Situation Centre
2015/1066,ROS,State Border Guard Service Lithuania,"Savanoriou Ave. 2, Vilnius LT-03116,Lithuania",2015/ROS/01 FOA-R 2015,8115,2015,Lithuania,FOA,Return Operations Sector
2015/1107,SBS,State Border Guard Service Lithuania,"Savanoriou Ave. 2, Vilnius LT-03116,Lithuania",2015/SBS/05 EPN-Triton,1096,2015,Lithuania,Triton,Sea Border Sector
2015/1135,ROS,State Border Guard Service Lithuania,"Savanoriou Ave. 2, Vilnius LT-03116,Lithuania",2015/ROS/58 JRO to Armenia & Georgia,1298,2015,Lithuania,Return Operations,Return Operations Sector
2015/1225,LBS,State Border Guard Service Lithuania,"Savanoriou Ave. 2, Vilnius LT-03116,Lithuania",2015/LBS/01 Flexible Operational Activities,19323,2015,Lithuania,Flexible Operational Activities,Land Borders Sector
2015/1226,SBS,State Border Guard Service Lithuania,"Savanoriou Ave. 2, Vilnius LT-03116,Lithuania",2015/SBS/05 EPN-Triton,42811,2015,Lithuania,Triton,Sea Border Sector
2015/1231,LBS,State Border Guard Service Lithuania,"Savanoriou Ave. 2, Vilnius LT-03116,Lithuania",2015/LBS/01 Flexible Operational Activities,11436,2015,Lithuania,Flexible Operational Activities,Land Borders Sector
2015/1238,LBS,State Border Guard Service Lithuania,"Savanoriou Ave. 2, Vilnius LT-03116,Lithuania",2015/LBS/02 Focal Points,12121,2015,Lithuania,Focal Points,Land Borders Sector
2015/1289,FSC,State Border Guard Service Lithuania,"Savanoriou Ave. 2, Vilnius LT-03116,Lithuania",2015/FSC/03 FSC Support Officer Deployment,617,2015,Lithuania,FSC Support Officer Deployment,Frontex Situation Centre
2014/49,FSC,State Border Guard Service Lithuania,"Savanoriou Ave. 2, Vilnius LT-03116, Lithuania",2014/FSC/03 FSC Support Officer Deployment,16285.4,2014,Lithuania,FSC Support Officer Deployment,Frontex Situation Centre
2014/132,SBS,State Border Guard Service Lithuania,"Savanoriou Ave. 2, Vilnius LT-03116, Lithuania",2013/SBS/02 JO Poseidon Sea 2013,7699,2014,Lithuania,Poseidon,Sea Border Sector
2014/166,LBS,State Border Guard Service Lithuania,"Savanoriou Ave. 2, Vilnius LT-03116, Lithuania",2014/LBS/04 Focal Points Land,1820,2014,Lithuania,Focal Points,Land Borders Sector
2014/202,SBS,State Border Guard Service Lithuania,"Savanoriou Ave. 2, Vilnius LT-03116, Lithuania",2014/SBS/08 Focal Points,4285.35,2014,Lithuania,Focal Points,Sea Border Sector
2014/245,ABS,State Border Guard Service Lithuania,"Savanoriou Ave. 2, Vilnius LT-03116, Lithuania",2014/ABS/03 Focal Points,620,2014,Lithuania,Focal Points,Air Border Sector
2014/251,LBS,State Border Guard Service Lithuania,"Savanoriou Ave. 2, Vilnius LT-03116, Lithuania",2014/LBS/04 Focal Points Land,12814.32,2014,Lithuania,Focal Points,Land Borders Sector
2014/262,LBS,State Border Guard Service Lithuania,"Savanoriou Ave. 2, Vilnius LT-03116, Lithuania",2014/LBS/02 Flexible Operational Activities,7650.5,2014,Lithuania,Flexible Operational Activities,Land Borders Sector
2014/322,SBS,State Border Guard Service Lithuania,"Savanoriou Ave. 2, Vilnius LT-03116, Lithuania",2014/SBS/08 Focal Points,5512.64,2014,Lithuania,Focal Points,Sea Border Sector
2014/350,ABS,State Border Guard Service Lithuania,"Savanoriou Ave. 2, Vilnius LT-03116, Lithuania",2014/ABS/06 Alexis,8738.69,2014,Lithuania,Alexis,Air Border Sector
2014/391,ABS,State Border Guard Service Lithuania,"Savanoriou Ave. 2, Vilnius LT-03116, Lithuania",2014/ABS/04 Focal Points,2349.72,2014,Lithuania,Focal Points,Air Border Sector
2014/494,SBS,State Border Guard Service Lithuania,"Savanoriou Ave. 2, Vilnius LT-03116, Lithuania",2014/SBS/06 EPN-Aeneas,5955.62,2014,Lithuania,Aeneas,Sea Border Sector
2014/500,LBS,State Border Guard Service Lithuania,"Savanoriou Ave. 2, Vilnius LT-03116, Lithuania",2014/LBS/04 Focal Points Land,44631.84,2014,Lithuania,Focal Points,Land Borders Sector
2014/513,LBS,State Border Guard Service Lithuania,"Savanoriou Ave. 2, Vilnius LT-03116, Lithuania",2014/LBS/06 Poseidon Land,10859.43,2014,Lithuania,Poseidon,Land Borders Sector
2014/593,SBS,State Border Guard Service Lithuania,"Savanoriou Ave. 2, Vilnius LT-03116, Lithuania",2014/SBS/05 EPN-Hermes,7433.29,2014,Lithuania,Hermes,Sea Border Sector
2014/596,SBS,State Border Guard Service Lithuania,"Savanoriou Ave. 2, Vilnius LT-03116, Lithuania",2014/SBS/08 Focal Points,600,2014,Lithuania,Focal Points,Sea Border Sector
2014/597,LBS,State Border Guard Service Lithuania,"Savanoriou Ave. 2, Vilnius LT-03116, Lithuania",2014/LBS/06 Poseidon Land,10958.94,2014,Lithuania,Poseidon,Land Borders Sector
2014/666,ABS,State Border Guard Service Lithuania,"Savanoriou Ave. 2, Vilnius LT-03116, Lithuania",2014/ABS/03 Focal Points,6574.08,2014,Lithuania,Focal Points,Air Border Sector
2014/668,LBS,State Border Guard Service Lithuania,"Savanoriou Ave. 2, Vilnius LT-03116, Lithuania",2014/LBS/04 Focal Points Land,23407.53,2014,Lithuania,Focal Points,Land Borders Sector
2014/688,LBS,State Border Guard Service Lithuania,"Savanoriou Ave. 2, Vilnius LT-03116, Lithuania",2014/LBS/04 Focal Points Land,4140,2014,Lithuania,Focal Points,Land Borders Sector
2014/844,ABS,State Border Guard Service Lithuania,"Savanoriou Ave. 2, Vilnius LT-03116, Lithuania",2014/ABS/06 Alexis,4879.52,2014,Lithuania,Alexis,Air Border Sector
2014/985,FSC,State Border Guard Service Lithuania,"Savanoriou Ave. 2, Vilnius LT-03116, Lithuania",2014/FSC/03 FSC Support Officer Deployment,14701.8,2014,Lithuania,FSC Support Officer Deployment,Frontex Situation Centre
2014/1040,ABS,State Border Guard Service Lithuania,"Savanoriou Ave. 2, Vilnius LT-03116, Lithuania",2014/ABS/03 Focal Points,480,2014,Lithuania,Focal Points,Air Border Sector
2014/1085,SBS,State Border Guard Service Lithuania,"Savanoriou Ave. 2, Vilnius LT-03116, Lithuania",2014/SBS/01 European Coast Guard Function Forum,68553.75,2014,Lithuania,European Coast Guard Function Forum,Sea Border Sector
2013/41,LBS,State Border Guard Service Lithuania,"Savanoriou Ave. 2, Vilnius LT-03116, Lithuania",2012/LBS/04 JO Focal Points 2012,648,2013,Lithuania,Focal Points,Land Borders Sector
2013/84,LBS,State Border Guard Service Lithuania,"Savanoriou Ave. 2, Vilnius LT-03116, Lithuania",2013/LBS/04 JO Focal Points 2013 Land,4077,2013,Lithuania,Focal Points,Land Borders Sector
2013/89,LBS,State Border Guard Service Lithuania,"Savanoriou Ave. 2, Vilnius LT-03116, Lithuania",2013/LBS/04 JO Focal Points 2013 Land,23262.87,2013,Lithuania,Focal Points,Land Borders Sector
2013/115,ABS,State Border Guard Service Lithuania,"Savanoriou Ave. 2, Vilnius LT-03116, Lithuania",2013/ABS/06 JO Flexi Force 2013 Mizar Operational Module,6794.5,2013,Lithuania,JO Flexi Force 2013 Mizar Operational Module,Air Border Sector
2013/357,SBS,State Border Guard Service Lithuania,"Savanoriou Ave. 2, Vilnius LT-03116, Lithuania",2013/SBS/P1/01 EPN-General-EPN Staff Exchange,6201.72,2013,Lithuania,EPN-General-EPN Staff Exchange,Sea Border Sector
2013/495,SBS,State Border Guard Service Lithuania,"Savanoriou Ave. 2, Vilnius LT-03116, Lithuania",2013/SBS/03 Focal Points Sea 2013,987,2013,Lithuania,Focal Points,Sea Border Sector
2013/599,LBS,State Border Guard Service Lithuania,"Savanoriou Ave. 2, Vilnius LT-03116, Lithuania",2013/LBS/04 JO Focal Points 2013 Land,3942,2013,Lithuania,Focal Points,Land Borders Sector
2013/734,LBS,State Border Guard Service Lithuania,"Savanoriou Ave. 2, Vilnius LT-03116, Lithuania",2013/LBS/01 JO Jupiter 2013,918.06,2013,Lithuania,Jupiter,Land Borders Sector
2013/868,SBS,State Border Guard Service Lithuania,"Savanoriou Ave. 2, Vilnius LT-03116, Lithuania",2013/SBS/P1/01 EPN-General-EPN Staff Exchange,5573.65,2013,Lithuania,EPN-General-EPN Staff Exchange,Sea Border Sector
2013/978,LBS,State Border Guard Service Lithuania,"Savanoriou Ave. 2, Vilnius LT-03116, Lithuania",2013/LBS/04 JO Focal Points 2013 Land,47230.87,2013,Lithuania,Focal Points,Land Borders Sector
2013/982,LBS,State Border Guard Service Lithuania,"Savanoriou Ave. 2, Vilnius LT-03116, Lithuania",2013/LBS/06 JO Poseidon Land,20300.04,2013,Lithuania,Poseidon,Land Borders Sector
2012/154,LBS,State Border Guard Service Lithuania,NA,2012/LBS/06 JO Poseidon Land 2012,29794.06,2012,Lithuania,Poseidon,Land Borders Sector
2012/166,ABS,State Border Guard Service Lithuania,NA,2012/ABS/03 JO Focal Points 2012,6218.55,2012,Lithuania,Focal Points,Air Border Sector
2012/207,LBS,State Border Guard Service Lithuania,NA,2012/LBS/04 JO Focal Points 2012,33328.71,2012,Lithuania,Focal Points,Land Borders Sector
2012/245,ABS,State Border Guard Service Lithuania,NA,2012/ABS/04 PP Flexi Force - Hubble module,16064.03,2012,Lithuania,Hubble,Air Border Sector
2012/256,LBS,State Border Guard Service Lithuania,NA,2012/LBS/06 JO Poseidon Land 2012,4529.65,2012,Lithuania,Poseidon,Land Borders Sector
2012/277,SBS,State Border Guard Service Lithuania,NA,2012/SBS/02 JO Poseidon Sea 2012,4576,2012,Lithuania,Poseidon,Sea Border Sector
2012/282,LBS,State Border Guard Service Lithuania,NA,2012/LBS/06 JO Poseidon Land 2012,345639.55,2012,Lithuania,Poseidon,Land Borders Sector
2012/295,SBS,State Border Guard Service Lithuania,NA,2012/SBS/02 JO Poseidon Sea 2012,7357.78,2012,Lithuania,Poseidon,Sea Border Sector
2012/317,SBS,State Border Guard Service Lithuania,NA,2012/SBS/02 JO Poseidon Sea 2012,227858.26,2012,Lithuania,Poseidon,Sea Border Sector
2012/331,ABS,State Border Guard Service Lithuania,NA,2012/ABS/03 JO Focal Points 2012,6705.4,2012,Lithuania,Focal Points,Air Border Sector
2012/348,LBS,State Border Guard Service Lithuania,NA,2012/LBS/03 JO Eurocup 2012,9097.33,2012,Lithuania,Eurocup,Land Borders Sector
2012/362,LBS,State Border Guard Service Lithuania,NA,2012/LBS/04 JO Focal Points 2012,21665.38,2012,Lithuania,Focal Points,Land Borders Sector
2012/401,SBS,State Border Guard Service Lithuania,NA,2012/SBS/02 JO Poseidon Sea 2012,5327,2012,Lithuania,Poseidon,Sea Border Sector
2012/427,ABS,State Border Guard Service Lithuania,NA,2012/ABS/04 PP Flexi Force - Hubble module,8464.26,2012,Lithuania,Hubble,Air Border Sector
2012/449,SBS,State Border Guard Service Lithuania,NA,2012/SBS/02 JO Poseidon Sea 2012,11751.4,2012,Lithuania,Poseidon,Sea Border Sector
2012/468,LBS,State Border Guard Service Lithuania,NA,2012/LBS/06 JO Poseidon Land 2012,13468.64,2012,Lithuania,Poseidon,Land Borders Sector
2012/513,ABS,State Border Guard Service Lithuania,NA,2012/ABS/03 JO Focal Points 2012,6220.65,2012,Lithuania,Focal Points,Air Border Sector
2012/514,LBS,State Border Guard Service Lithuania,NA,2012/LBS/01 JO Jupiter,9200.05,2012,Lithuania,Jupiter,Land Borders Sector
2012/588,ABS,State Border Guard Service Lithuania,NA,2012/ABS/03 JO Focal Points 2012,6338.35,2012,Lithuania,Focal Points,Air Border Sector
2012/615,SBS,State Border Guard Service Lithuania,NA,2012/SBS/02 JO Poseidon Sea 2012,1891,2012,Lithuania,Poseidon,Sea Border Sector
2012/626,LBS,State Border Guard Service Lithuania,NA,2012/LBS/06 JO Poseidon Land 2012,20894.9,2012,Lithuania,Poseidon,Land Borders Sector
2012/635,SBS,State Border Guard Service Lithuania,NA,2012/SBS/02 JO Poseidon Sea 2012,11358,2012,Lithuania,Poseidon,Sea Border Sector
2012/644,SBS,State Border Guard Service Lithuania,NA,2012/SBS/02 JO Poseidon Sea 2012,361800.2,2012,Lithuania,Poseidon,Sea Border Sector
2012/650,SBS,State Border Guard Service Lithuania,NA,2012/SBS/01 EPN-Hermes 2012,7061.22,2012,Lithuania,Hermes,Sea Border Sector
2012/669,SBS,State Border Guard Service Lithuania,NA,2012/SBS/02 JO Poseidon Sea 2012,2768.5,2012,Lithuania,Poseidon,Sea Border Sector
2012/678,SBS,State Border Guard Service Lithuania,NA,2012/SBS/01 EPN General-Reporting Tools-Reporting Staff Exchange,2459,2012,Lithuania,EPN General-Reporting Tools-Reporting Staff Exchange,Sea Border Sector
2012/679,SBS,State Border Guard Service Lithuania,NA,2012/SBS/01 EPN-Minerva 2012,16060.4,2012,Lithuania,Minerva,Sea Border Sector
2012/753,LBS,State Border Guard Service Lithuania,NA,2012/LBS/06 JO Poseidon Land 2012,8470.47,2012,Lithuania,Poseidon,Land Borders Sector
2012/821,ABS,State Border Guard Service Lithuania,NA,2012/ABS/03 JO Focal Points 2012,4104.3,2012,Lithuania,Focal Points,Air Border Sector
2012/833,LBS,State Border Guard Service Lithuania,NA,2012/LBS/04 JO Focal Points 2012,15488.8,2012,Lithuania,Focal Points,Land Borders Sector
2012/1074,LBS,State Border Guard Service Lithuania,NA,2012/LBS/04 JO Focal Points 2012,16282.5,2012,Lithuania,Focal Points,Land Borders Sector
2010/688/,PRU,State Border Guard Service Lithuania,NA,2010/PRU/09 RABIT 2010,34330,2011,Lithuania,RABIT 2010,Pooled Resources Unit
2011/61/,LBS,State Border Guard Service Lithuania,NA,2011/LBS/02 JO Poseidon Land 2011,30557.84,2011,Lithuania,Poseidon,Land Borders Sector
2011/93/,ABS,State Border Guard Service Lithuania,NA,2011/ABS/02 HUBBLE 2011,6368.75,2011,Lithuania,Hubble,Air Border Sector
2011/121/,LBS,State Border Guard Service Lithuania,NA,2011/LBS/01 JO Focal Points 2011 Land,17525.61,2011,Lithuania,Focal Points,Land Borders Sector
2011/136/,LBS,State Border Guard Service Lithuania,NA,2011/LBS/02 JO Poseidon Land 2011,17981.4,2011,Lithuania,Poseidon,Land Borders Sector
2011/212/,LBS,State Border Guard Service Lithuania,NA,2011/LBS/07 JO Jupiter 2011-Phase I,12293.65,2011,Lithuania,Jupiter,Land Borders Sector
2011/236/,LBS,State Border Guard Service Lithuania,NA,2011/LBS/02 JO Poseidon Land 2011,17660.4,2011,Lithuania,Poseidon,Land Borders Sector
2011/239/,ABS,State Border Guard Service Lithuania,NA,2011/ABS/11 Air Border Focal Points 2011,9280.7,2011,Lithuania,Focal Points,Air Border Sector
2011/323/,SBS,State Border Guard Service Lithuania,NA,2011/SBS/02 Poseidon Sea 2011,17300.79,2011,Lithuania,Poseidon,Sea Border Sector
2011/346/,LBS,State Border Guard Service Lithuania,NA,2011/LBS/06 JO Neptune Phase I,6004.96,2011,Lithuania,Neptune,Land Borders Sector
2011/360/,LBS,State Border Guard Service Lithuania,NA,2011/LBS/01 JO Focal Points 2011 Land,4639.05,2011,Lithuania,Focal Points,Land Borders Sector
2011/361/,LBS,State Border Guard Service Lithuania,NA,2011/LBS/02 JO Poseidon Land 2011,11769.4,2011,Lithuania,Poseidon,Land Borders Sector
2011/437/,SBS,State Border Guard Service Lithuania,NA,2011/SBS/02 Poseidon Sea 2011,36821.52,2011,Lithuania,Poseidon,Sea Border Sector
2011/462/,LBS,State Border Guard Service Lithuania,NA,2011/LBS/02 JO Poseidon Land 2011,4520.15,2011,Lithuania,Poseidon,Land Borders Sector
2011/472/,LBS,State Border Guard Service Lithuania,NA,2011/LBS/06 JO Neptune Phase I,10348.11,2011,Lithuania,Neptune,Land Borders Sector
2011/490/,SBS,State Border Guard Service Lithuania,NA,2011/SBS/02 Poseidon Sea 2011,6177.85,2011,Lithuania,Poseidon,Sea Border Sector
2011/561/,SBS,State Border Guard Service Lithuania,NA,2011/SBS/01 EPN-Minerva 2011,19606.99,2011,Lithuania,Minerva,Sea Border Sector
2011/580/,LBS,State Border Guard Service Lithuania,NA,2011/LBS/01 JO Focal Points 2011 Land,10485.81,2011,Lithuania,Focal Points,Land Borders Sector
2011/597/,SBS,State Border Guard Service Lithuania,NA,2011/SBS/02 Poseidon Sea 2011,342994.4,2011,Lithuania,Poseidon,Sea Border Sector
2011/598/,SBS,State Border Guard Service Lithuania,NA,2011/SBS/02 Poseidon Sea 2011,228669,2011,Lithuania,Poseidon,Sea Border Sector
2011/600/,LBS,State Border Guard Service Lithuania,NA,2011/LBS/02 JO Poseidon Land 2011,5886.8,2011,Lithuania,Poseidon,Land Borders Sector
2011/655/,SBS,State Border Guard Service Lithuania,NA,2011/SBS/02 Poseidon Sea 2011,42659,2011,Lithuania,Poseidon,Sea Border Sector
2011/793/,PRU,State Border Guard Service Lithuania,NA,2010/PRU/09 - 2011/LBS/02 Rabit-Poseidon Land 2011,234991.2,2011,Lithuania,Poseidon,Pooled Resources Unit
2011/813/,ABS,State Border Guard Service Lithuania,NA,2011/ABS/01 JO Hammer 2011,4282.1,2011,Lithuania,Hammer,Air Border Sector
2011/860/,LBS,State Border Guard Service Lithuania,NA,2011/LBS/02 JO Poseidon Land 2011,4151.5,2011,Lithuania,Poseidon,Land Borders Sector
2011/889/,SBS,State Border Guard Service Lithuania,NA,2011/SBS/02 Poseidon Sea 2011,13903,2011,Lithuania,Poseidon,Sea Border Sector
2011/906/,ABS,State Border Guard Service Lithuania,NA,2011/ABS/01 JO Hammer 2011,5039.81,2011,Lithuania,Hammer,Air Border Sector
2011/1093/,LBS,State Border Guard Service Lithuania,NA,2011/LBS/01 JO Focal Points 2011 Land,21948.4,2011,Lithuania,Focal Points,Land Borders Sector
2010/30/,LBS,State Border Guard Service Lithuania,NA,2010/OPS/19 JO Jupiter 2010 I phase,11895.12,2010,Lithuania,Jupiter,Land Borders Sector
2010/77/,LBS,State Border Guard Service Lithuania,NA,2010/OPS/21 JO Focal Points Land 2010,23822.88,2010,Lithuania,Focal Points,Land Borders Sector
2010/94/,SBS,State Border Guard Service Lithuania,NA,2010/OPS/17 JO Poseidon 2010 Sea,241144.05,2010,Lithuania,Poseidon,Sea Border Sector
2010/150/,LBS,State Border Guard Service Lithuania,NA,2010/OPS/19 JO Jupiter 2010 II phase,11250.74,2010,Lithuania,Jupiter,Land Borders Sector
2010/166/,LBS,State Border Guard Service Lithuania,NA,2010/OPS/21 JO Focal Points Land 2010,112274.77,2010,Lithuania,Focal Points,Land Borders Sector
2010/186/,ABS,State Border Guard Service Lithuania,NA,2010/OPS/09 Air Border Focal Points 2010,5183.62,2010,Lithuania,Focal Points,Air Border Sector
2010/247/,LBS,State Border Guard Service Lithuania,NA,2010/OPS/22 JO Poseidon Land 2010 Phase II,14452.2,2010,Lithuania,Poseidon,Land Borders Sector
2010/301/,LBS,State Border Guard Service Lithuania,NA,2010/OPS/30 JO MARS-UNITY 2010,5862.88,2010,Lithuania,JO MARS-UNITY 2010,Land Borders Sector
2010/311/,SBS,State Border Guard Service Lithuania,NA,2010/OPS/17 JO Poseidon 2010 Sea,21338.25,2010,Lithuania,Poseidon,Sea Border Sector
2010/338/,LBS,State Border Guard Service Lithuania,NA,2010/OPS/20 JO Neptune 2010 Phase II,8853.54,2010,Lithuania,Neptune,Land Borders Sector
2010/405/,SBS,State Border Guard Service Lithuania,NA,2010/OPS/10 EPN-Minerva 2010,14311.48,2010,Lithuania,Minerva,Sea Border Sector
2010/411/,SBS,State Border Guard Service Lithuania,NA,2010/OPS/17 JO Poseidon 2010 Sea,216388.93,2010,Lithuania,Poseidon,Sea Border Sector
2010/423/,LBS,State Border Guard Service Lithuania,NA,2010/OPS/21 JO Focal Points Land 2010,49478.79,2010,Lithuania,Focal Points,Land Borders Sector
2010/440/,ABS,State Border Guard Service Lithuania,NA,2010/OPS/09 Air Border Focal Points 2010,5620.51,2010,Lithuania,Focal Points,Air Border Sector
2010/465/,LBS,State Border Guard Service Lithuania,NA,2010/OPS/19 JO Jupiter 2010 III phase,7769.18,2010,Lithuania,Jupiter,Land Borders Sector
2010/511/,LBS,State Border Guard Service Lithuania,NA,2010/OPS/20 JO Neptune 2010 Phase III,18109.68,2010,Lithuania,Neptune,Land Borders Sector
2010/521/,LBS,State Border Guard Service Lithuania,NA,2010/OPS/22 JO Poseidon Land 2010 Phase III,27881.7,2010,Lithuania,Poseidon,Land Borders Sector
2010/601/,LBS,State Border Guard Service Lithuania,NA,2010/OPS/19 JO Jupiter 2010 IV phase,7368.68,2010,Lithuania,Jupiter,Land Borders Sector
2010/688/,PRU,State Border Guard Service Lithuania,NA,2010/PRU/09 RABIT 2010,15053,2010,Lithuania,RABIT 2010,Pooled Resources Unit
2010/744/,LBS,State Border Guard Service Lithuania,NA,2010/OPS/21 JO Focal Points Land 2010,54597.57,2010,Lithuania,Focal Points,Land Borders Sector
2009/007/,LBS,State Border Guard Service Lithuania,NA,2008/OPS/37 - Mercury,98098.18,2009,Lithuania,- Mercury,Land Borders Sector
2009/015/,ABS,State Border Guard Service Lithuania,NA,2008/OPS/27 - Hammer 2008,10499.2,2009,Lithuania,Hammer,Air Border Sector
2009/030/,LBS,State Border Guard Service Lithuania,NA,2009/OPS/04 - Focal Points 2009,11282.38,2009,Lithuania,Focal Points,Land Borders Sector
2009/040/,LBS,State Border Guard Service Lithuania,NA,2009/OPS/03 -Jupiter,13508.95,2009,Lithuania,Jupiter,Land Borders Sector
2009/081/,LBS,State Border Guard Service Lithuania,NA,2009/OPS/05 - Neptune,13453.33,2009,Lithuania,Neptune,Land Borders Sector
2009/116/,SBS,State Border Guard Service Lithuania,NA,2009/OPS/17 - Poseidon 2009,209778.25,2009,Lithuania,Poseidon,Sea Border Sector
2009/117/,LBS,State Border Guard Service Lithuania,NA,2009/OPS/09 - Saturn,166484.71,2009,Lithuania,Saturn,Land Borders Sector
2009/140/,LBS,State Border Guard Service Lithuania,NA,2009/OPS/06 - Uranus,53882.19,2009,Lithuania,Uranus,Land Borders Sector
2009/164/,SBS,State Border Guard Service Lithuania,NA,2009/OPS/18 - Zeus 2009,6806.15,2009,Lithuania,- Zeus 2009,Sea Border Sector
2009/296/,SBS,State Border Guard Service Lithuania,NA,2009/OPS/17 - Poseidon 2009,51178.5,2009,Lithuania,Poseidon,Sea Border Sector
2009/313/,SBS,State Border Guard Service Lithuania,NA,2009/OPS/17 - Poseidon 2009,46732,2009,Lithuania,Poseidon,Sea Border Sector
2009/340/,ABS,State Border Guard Service Lithuania,NA,2009/OPS/21 - Hammer 2009,25205.39,2009,Lithuania,Hammer,Air Border Sector
2009/380/,PRS,State Border Guard Service Lithuania,NA,2009/PRU/01 - RABIT Excersise Vihorlat 2009,98630.08,2009,Lithuania,- RABIT Excersise Vihorlat 2009,Public Regulated Service
2009/441,ABS,State Border Guard Service Lithuania,NA,2009/OPS/21 - Hammer 2009,6651.15,2009,Lithuania,Hammer,Air Border Sector
2009/470/,LBS,State Border Guard Service Lithuania,NA,2009/OPS/04 - Focal Points 2009,147993.29,2009,Lithuania,Focal Points,Land Borders Sector
2008/042/,LBS,State Border Guard Service Lithuania,NA,2008/OPS/06-Gordius,1559.51,2008,Lithuania,2008/OPS/06-Gordius,Land Borders Sector
2008/060/,LBS,State Border Guard Service Lithuania,NA,2008/OPS/02/Ariadne 2008,2559.97,2008,Lithuania,2008,Land Borders Sector
2008/106/,ABS,State Border Guard Service Lithuania,NA,2008/OPS/18 Zorba,6778.93,2008,Lithuania,Zorba,Air Border Sector
2008/239/,LBS,State Border Guard Service Lithuania,NA,2008/OPS/06-Gordius 2nd phase,1686.77,2008,Lithuania,2nd phase,Land Borders Sector
2008/279/,SBS,State Border Guard Service Lithuania,NA,2008/OPS/11 EPN-Euxine,7118.52,2008,Lithuania,EPN-Euxine,Sea Border Sector
2008/287/,ABS,State Border Guard Service Lithuania,NA,2008/OPS/27 Hammer,43080.94,2008,Lithuania,Hammer,Air Border Sector
2008/320/,SBS,State Border Guard Service Lithuania,NA,2008/OPS/07 Poseidon,282123.58,2008,Lithuania,Poseidon,Sea Border Sector
